{
    "R/R": 0.046329417969565155,
    "B/B": 0.03530815682759539,
    "R/B": 0.04749997557716728,
    "B/R": 0.06690034953124058,
    "R+B/R": 0.04708256084855602,
    "R+B/B": 0.04223077481600244,
    "R+B/R+B": 0.04581636324706842
}