{
    "R/R": 0.02871980145573616,
    "B/B": 0.027995677664875984,
    "R/B": 0.04080035910010338,
    "B/R": 0.056587666273117065,
    "R+B/R": 0.032848604023456573,
    "R+B/B": 0.040615957230329514,
    "R+B/R+B": 0.034875381737947464
}